,0
0,Nigo
1,Cahanticardrz
2,El
3,Dann
4,Dar
5,Tos
6,Kiconriarm
7,Ollikan
8,Aayn
9,Ararte
10,Iven
11,Le
12,Torle
13,Jalart
14,Tro
15,Aler
16,Jas
17,Charcargn
18,Ansles
19,Ariskolin
20,Daddre
21,Ark
22,Jormund
23,Arirn
24,Fry
25,Niargasandmebe
26,Lerias
27,Roale
28,Øis
29,Ad
30,Peimandmer
31,Carnitikandr
32,Se
33,Ris
34,Va
35,Eys
36,Kie
37,Jøruland
38,Al
39,He
40,Can
41,Lie
42,Niandar
43,Biben
44,Frn
45,Marngilgeriarinnd
46,Tararsteikar
47,Fiddr
48,Jah
49,Sius
50,Rorgartein
51,Pe
52,Norn
53,Jaln
54,Tormons
55,Jolhoeriarindr
56,Eis
57,Viariurntikar
58,Jahmin
59,Ar-Eikondis
60,Tohan
61,Hefen
62,Romz
63,Rotamah
64,Wiaririkeriarind
65,Iveneorichar
66,Ollarte
67,Svanef
68,Sva
69,Vd
70,Lus
71,Ollandarerlind
72,Carnthare
73,Abeinarder
74,Alde
75,Roane
76,Sertet
77,Arikus
78,Ariarnn
79,Mus
80,Beintic
81,Giuszy
82,Elsllid
83,Alarte
84,Nis
85,Da
86,Muh
87,Styteter
88,Håld
89,Leodan
90,Aricitar
91,Wiek
92,Krg
93,Ristelel
94,Tortinvererld
95,Rolamarilinngarrarnerernd
96,Er
97,Arin
98,Olan
99,Mar
100,Trikas
101,Bertaser
102,Olle
103,Roharererikas
104,Hed
105,Janoreimus
106,Tonaik
107,Frtonsar
108,Ey
109,Saha
110,Sel
111,Eris
112,Hein
113,Ulm
114,Frjos
115,Alel
116,Anc
117,Eias
118,Reden
119,Argk
120,Jerzartet
121,Tonarardilind
122,Nin
123,Aldm
124,Trd
125,Leim
126,Olarte
127,Jamis
128,Wian
129,Torlf
130,Licond
131,Heverdrvad
132,Koans
133,Os
134,Leorliaxan
135,Silarnir
136,Herd
137,Lonn
138,Jahmipeodicis
139,Frorrvar
140,Dargeril
141,Thir
142,Berlan
143,Tr
144,AAberirened
145,Ig
146,Hethan
147,Clorn
148,Viackarar
149,Emananer
150,Tohareriargond
151,Rus
152,Gene
153,Fererell
154,Rormanden
155,Staicis
156,Thah
157,Ollikarriarm
158,Then
159,Staikas
160,Peo
161,Ausl
162,Ang
163,Staond
164,Ei
165,Ratz
166,Eyst
167,Be
168,Kriand
169,Mas
170,Eve
171,Pehasteikomef
172,Siarinng
173,Sthas
174,Arif
175,Kartagventelelin
176,Lemarvar
177,Rah
178,Khar
179,Tohmi
180,Ton
181,Darger
182,Gus
183,Krn
184,Rolamariater
185,Friainde
186,Ericar
187,Margerlachan
188,Rik
189,Olaarajary
190,Liaterd
191,Erind
192,Stailan
193,Jørmelen
194,Mik
195,Roal
196,Emaleorliariarind
197,Nial
198,Belejørmele
199,Minriaman
200,Ematar
201,Jamurir
202,Withilan
203,Pie
204,Meodreveril
205,Lentrerndaar
206,Tormed
207,Biorikeriarichar
208,Sol
209,Letenelen
210,Stethas
211,Staius
212,Ivarnustzed
213,Elld
214,Trind
215,Jaldefelinenarcargoss
216,Imaury
217,Rohm
218,Pernamar
219,Mohan
220,Alfar
221,Elan
222,Ro
223,Wiacormif
224,Peidi
225,Trienioas
226,Rotejør
227,Elerte
228,Khan
229,Rohar
230,Siany
231,Trnn
232,Heintialin
233,Wal
234,Anan
235,Frinan
236,Snayvef
237,Vicilan
238,Arhas
239,Olacererikaw
240,Rahabd
241,Hjeison
242,Rol
243,Aromarerlje
244,Sthil
245,Rorme
246,Kha
247,Ahe
248,Stayminar
249,Yus
250,Argodnel
251,Care
252,Beindrikeriarindrind
253,Joll
254,Sias
255,Betordiaverik
256,Tonneris
257,Mie
258,Jal
259,Friargohury
260,Hererel
261,Trikay
262,Frntartit
263,Rongan
264,Jormarar
265,Krikond
266,Cald
267,Ardn
268,Allateriarnd
269,Cararnnar
270,We
271,Trialvanr
272,Jalve
273,Hen
274,Gahar
275,Alm
276,Ollas
277,Lian
278,Roharereril
279,Ollanthas
280,Sis
281,Erikar
282,Tohad
283,Re
284,Arile
285,Kharmangan
286,jørme
287,Len
288,Vis
289,Tras
290,Hahan
291,Johreril
292,Her
293,Siandarconameriarntas
294,Krge
295,Elim
296,Pertererind
297,Thas
298,Rohmiandmius
299,Ste
300,Ler
301,Bene
302,Aris
303,Mohav
304,Bertas
305,Niasterndan
306,Frikar
307,Rong
308,Beld
309,Mure
310,Min
311,To
312,And
313,Pit
314,Stays
315,Elrialind
316,Teha
317,Jale
318,Frodi
319,Han
320,Perdand
321,Ais
322,Kållard
323,Pat
324,Friarnd
325,Wi
326,Ear
327,Johme
328,Trintiorordinng
329,Genteorerle
330,Frerikagveled
331,Inticor
332,Mah
333,Jerd
334,Heriangven
335,Mald
336,Aad
337,Arlis
338,Es
339,Torman
340,Kr
341,Kard
342,Olde
343,Belekogmed
344,Cantarrind
345,Evenucor
346,Ra
347,Olland
348,Darmo
349,Aril
350,Sus
351,Far
352,Baha
353,Led
354,Sian
355,Nistry
356,Arnn
357,Thhohmebag
358,Elartarg
359,Rormin
360,Allar
361,Trim
362,Rar
363,Edanan
364,Ral
365,Bertamarartharindister
366,Frike
367,Bed
368,Elved
369,Rotar
370,Ern
371,Rahmimmeleneikoriorittindriarmed
372,Anstal
373,Tormin
374,Frdvenein
375,Aar
376,Geneoriahan
377,Jar
378,Leteikorgisl
379,Allanteond
380,Toh
381,Frikarnd
382,Khmarar
383,Mivener
384,Mauld
385,Wiack
386,Emilin
387,Thal
388,Cah
389,Bin
390,Nie
391,Krgk
392,Øicperereldorlinen
393,Fin
394,Ollin
395,Mnarerin
396,Ber
397,Steyman
398,Lohuss
399,Jald
400,Eild
401,Ninnn
402,Phe
403,Arinikadin
404,Tofiain
405,Margilineriarme
406,Ann
407,Fr
408,Stharngan
409,Romin
410,Erif
411,Frnd
412,Riandr
413,Bertarngan
414,Sianthaco
415,Rormemar
416,Seje
417,Tohmiu
418,Sicikarn
419,Wol
420,Mit
421,Minrim
422,Siun
423,Nian
424,Mian
425,Ban
426,Khn
427,Tolaria
428,Wie
429,Helas
430,Ray
431,Rartet
432,Tonu
433,Darmin
434,Trin
435,Olrartiane
436,ke
437,Nijørlanin
438,Bertef
439,Sisterlacordi
440,Ivis
441,Gehoriarinriarme
442,Niatel
443,Tohar
444,Wiary
445,Sicilar
446,Kart
447,Marge
448,Erd
449,Arbas
450,Olaiustim
451,Wiaubd
452,Sianyv
453,Fre
454,Arnd
455,Erikareriargonn
456,Viad
457,Ol
458,Jaterlind
459,Hererid
460,Berikar
461,Artaser
462,Gerarjarlaceissl
463,Ar
464,Damor
465,Arindriarmed
466,Leis
467,Wianngan
468,Rikandr
469,Jalan
470,Ovid
471,Frg
472,Ve
473,Vl
474,Torsthin
475,Frinaner
476,Stavilined
477,Roh
478,Fris
479,Hard
480,An
481,Sianysldin
482,Martiv
483,Ariko
484,Wia
485,Filiniauener
486,Kharn
487,Gen
