,category,name
0,rap_names,Ahiee
1,rap_names,A Wo Ross
2,rap_names,ANerse
3,rap_names,Amin
4,rap_names,AWacaby
5,rap_names,Afgie dane
6,rap_names,AReilli
7,rap_names,Azie
8,rap_names,Afbli
9,rap_names,A
10,rap_names,Abssy
11,rap_names,AStal Steey
12,rap_names,Awil Cubi
13,rap_names,Aoi
14,rap_names,A4!
15,rap_names,AXL
16,rap_names,AOd
17,rap_names,AWill
18,rap_names,ABabat Pah
19,rap_names,Afh It
20,rap_names,Bape Staure
21,rap_names,BLay
22,rap_names,BAOA
23,rap_names,BAq
24,rap_names,Ba
25,rap_names,Bhtourupt
26,rap_names,Bl Comb
27,rap_names,Beeka
28,rap_names,B[1]
29,rap_names,Bnatty
30,rap_names,Buckny Philt
31,rap_names,BVire Wonesher
32,rap_names,BG
33,rap_names,BLC
34,rap_names,B.The-damo
35,rap_names,BLA
36,rap_names,BDonnis
37,rap_names,Bz
38,rap_names,Boc
39,rap_names,BXGon
40,rap_names,Cose
41,rap_names,Cmiohagnerrow
42,rap_names,C
43,rap_names,C9ndaDam Sall
44,rap_names,C
45,rap_names,C Bro Bonnie Pee
46,rap_names,Cqung Wuln
47,rap_names,Chlly Gondon Matthewal Woo
48,rap_names,Cibs
49,rap_names,Cunpmadiski
50,rap_names,Chablo
51,rap_names,CoaOustada
52,rap_names,C9ize
53,rap_names,C300 Campbell
54,rap_names,CDurvh Tha Flndeadielo
55,rap_names,Cped
56,rap_names,Cwop Gotta
57,rap_names,Cocko
58,rap_names,C zz
59,rap_names,CKJ
60,rap_names,Dbams
61,rap_names,DGLottma
62,rap_names,D3OWe-Tre
63,rap_names,Dfest
64,rap_names,Dallast
65,rap_names,Da'redy Khe Greaton
66,rap_names,D Tha Flizzer
67,rap_names,D
68,rap_names,Dad Ink
69,rap_names,Dule
70,rap_names,DL Ca sones
71,rap_names,DWee
72,rap_names,Dave Mede
73,rap_names,D Nica
74,rap_names,DQwist
75,rap_names,DManus Foxxx
76,rap_names,D40 A
77,rap_names,DDe Ridot
78,rap_names,DGakkies
79,rap_names,D
80,rap_names,Es
81,rap_names,EKeviner
82,rap_names,E
83,rap_names,EYoulilintty
84,rap_names,Ey
85,rap_names,E2 Jonill Cree N. The C
86,rap_names,Ed
87,rap_names,E-Tarren G
88,rap_names,EXSharti
89,rap_names,Eeillo
90,rap_names,Erdnn Canny Yaw
91,rap_names,El Press Khan
92,rap_names,Ea Bone
93,rap_names,E!
94,rap_names,E50 Kni
95,rap_names,Eesha
96,rap_names,Eó
97,rap_names,Edonest
98,rap_names,E
99,rap_names,EHes Kion
100,rap_names,Fre
101,rap_names,Fee P
102,rap_names,FPorth
103,rap_names,F35Thisto
104,rap_names,FLones
105,rap_names,Fa Marue
106,rap_names,FK302
107,rap_names,FHB
108,rap_names,FETEve
109,rap_names,FLAMVI
110,rap_names,FEzaMillshad
111,rap_names,Fnngy
112,rap_names,Floc
113,rap_names,FiStitch Lope
114,rap_names,Fre
115,rap_names,Full
116,rap_names,Fadrith
117,rap_names,Famper Man
118,rap_names,GJim
119,rap_names,Gtenzi
120,rap_names,G
121,rap_names,Gubf
122,rap_names,Gelik
123,rap_names,Giam Sane
124,rap_names,Ghkak
125,rap_names,Gada
126,rap_names,Grephoille
127,rap_names,GB
128,rap_names,G.are
129,rap_names,Giol Jones
130,rap_names,Gsta
131,rap_names,Geysa
132,rap_names,GYay Dre Nic
133,rap_names,G
134,rap_names,Goe Doe
135,rap_names,GTX
136,rap_names,Gally
137,rap_names,G
138,rap_names,H.Dazaire
139,rap_names,HuNEXTena
140,rap_names,HKim
141,rap_names,Haction Ona Bone
142,rap_names,H29t
143,rap_names,Ham
144,rap_names,HME-Trupp
145,rap_names,Ho
146,rap_names,HNX0
147,rap_names,Higa
148,rap_names,Humio
149,rap_names,Ho
150,rap_names,HButth Currricage
151,rap_names,Hute Bill
152,rap_names,HYacean
153,rap_names,Hoss
154,rap_names,HHat Lomes the Zoe
155,rap_names,HLX
156,rap_names,Ipsy Marke
157,rap_names,IO3[1-Son
158,rap_names,ILoahboth
159,rap_names,Id Roney XL
160,rap_names,IWV
161,rap_names,Ifdatia Goo
162,rap_names,I
163,rap_names,Iletion
164,rap_names,Itmoos
165,rap_names,Inth
166,rap_names,In
167,rap_names,IDavl
168,rap_names,Ikawre
169,rap_names,Ichah
170,rap_names,I
171,rap_names,Ixouti Starri
172,rap_names,Ie-Niamsaby Simter
173,rap_names,Iefest
174,rap_names,Igyolo
175,rap_names,ILZaddogik
176,rap_names,Jic
177,rap_names,J
178,rap_names,JEXX-Kraeplemma
179,rap_names,Jibbbie Loc
180,rap_names,J02 Yoogie
181,rap_names,Jagock Rock
182,rap_names,Joeen LeGary
183,rap_names,J Ice Mamp
184,rap_names,Jrr10sil Ric
185,rap_names,Jur
186,rap_names,Jó
187,rap_names,Jerrick
188,rap_names,Jumph de d
189,rap_names,Jajarren
190,rap_names,J19h
191,rap_names,JDacht
192,rap_names,Jure
193,rap_names,Jake
194,rap_names,Jy The Wretirother Gustin
195,rap_names,J!
196,rap_names,Kwo
197,rap_names,Koillens
198,rap_names,Kniss
199,rap_names,Keric
200,rap_names,Kall Slim
201,rap_names,KaaDeral Tony
202,rap_names,Kest
203,rap_names,Koke
204,rap_names,Kez Cartisa
205,rap_names,K2I.A.T.
206,rap_names,KRJDiamond D
207,rap_names,K5 amé
208,rap_names,K2Quare
209,rap_names,Kas Greed
210,rap_names,Ks
211,rap_names,K40 Kill
212,rap_names,Kez
213,rap_names,KB Braser Reif
214,rap_names,KSh Rocky Jucka Flamampaha Prime
215,rap_names,LDG
216,rap_names,LXXDoo Won
217,rap_names,LiTrac Rudd
218,rap_names,Lvedlib
219,rap_names,LBilly
220,rap_names,Ll Of Heatbud
221,rap_names,L. Rick
222,rap_names,Lylk wiquimons
223,rap_names,Lonelo
224,rap_names,Lieak
225,rap_names,L3 Caz
226,rap_names,L
227,rap_names,LDa Bood
228,rap_names,Loagge Yampper
229,rap_names,Lamony
230,rap_names,Lbamilli Manner
231,rap_names,LDGG
232,rap_names,L
233,rap_names,L Mazeana
234,rap_names,Linkee N.
235,rap_names,MthoollNid
236,rap_names,Mr.tMike Shinode
237,rap_names,M Dolla 2'ras
238,rap_names,Mraltisy XL
239,rap_names,MG.
240,rap_names,Mad Arost
241,rap_names,MC
242,rap_names,My.
243,rap_names,Mastro
244,rap_names,M-dFustract
245,rap_names,M'O.A.B.
246,rap_names,Mnnarnell
247,rap_names,Mrbleats
248,rap_names,Mupa
249,rap_names,M 
250,rap_names,MX0X
251,rap_names,M0-Q-Eazean T
252,rap_names,MA.B
253,rap_names,M.D.I. Mcaille
254,rap_names,Marn'allioneck Caoness
255,rap_names,Ny da Slimm
256,rap_names,NGeorlawn
257,rap_names,Nez
258,rap_names,Nydriesteria
259,rap_names,Nyte
260,rap_names,Nim Dogg
261,rap_names,Nyde
262,rap_names,NDirby Breen
263,rap_names,NAjocksure
264,rap_names,NZich
265,rap_names,NB
266,rap_names,Natany Elic
267,rap_names,Na
268,rap_names,N Cun
269,rap_names,NB[1]
270,rap_names,Nandea
271,rap_names,N2
272,rap_names,Nareams
273,rap_names,NAWMFE-G[1]
274,rap_names,NYnilla
275,rap_names,Ommal
276,rap_names,Om
277,rap_names,O'dan Smith
278,rap_names,Ovavel
279,rap_names,OVavis
280,rap_names,O40iqus
281,rap_names,OXXXTid Ice
282,rap_names,Oggi Poller Lour Storlip
283,rap_names,O5003 Pase
284,rap_names,OB
285,rap_names,O
286,rap_names,Oealenetis Croy
287,rap_names,Oceyale
288,rap_names,O2
289,rap_names,OWrip
290,rap_names,OPC
291,rap_names,OPNG
292,rap_names,Ouca
293,rap_names,Otwa
294,rap_names,O Ren
295,rap_names,Pvz
296,rap_names,Peekstia Shing Loc
297,rap_names,Phabie
298,rap_names,P Ixshred
299,rap_names,Ptaalise
300,rap_names,PDJ Kell
301,rap_names,PIezy
302,rap_names,P]
303,rap_names,P J Daytsy Eaze
304,rap_names,PD Th
305,rap_names,P
306,rap_names,Pnocher
307,rap_names,Peesity
308,rap_names,Pzial Murn
309,rap_names,Pomie
310,rap_names,P87
311,rap_names,Pnord Ally
312,rap_names,Pe-A
313,rap_names,PAFA$No
314,rap_names,P[I. 
315,rap_names,Qfachafucka Rucka Rock
316,rap_names,Q
317,rap_names,Q[1 tahir
318,rap_names,Qfafiss
319,rap_names,QE-gree
320,rap_names,Qnthen
321,rap_names,"Q"""
322,rap_names,Qari
323,rap_names,Qusstard
324,rap_names,QE-A-T
325,rap_names,Q
326,rap_names,Qui
327,rap_names,Q)
328,rap_names,Qh Nott
329,rap_names,Qu
330,rap_names,QQEX-Trick
331,rap_names,Qwe
332,rap_names,Qunk Bud Mello
333,rap_names,QSDKool Gena
334,rap_names,Quak
335,rap_names,Ry
336,rap_names,Ree-Lo
337,rap_names,RXXThe Game
338,rap_names,RB[1]
339,rap_names,Reafrika Blac
340,rap_names,Riface
341,rap_names,R]
342,rap_names,R
343,rap_names,RDeash
344,rap_names,Rjlen J
345,rap_names,Rajong
346,rap_names,R4XTYoung Dre the Trump
347,rap_names,Roke
348,rap_names,Ryksy
349,rap_names,RL
350,rap_names,Rrim Unna
351,rap_names,RLA
352,rap_names,S189thone
353,rap_names,Spemest
354,rap_names,SOQ
355,rap_names,Sw-Drade
356,rap_names,Steai
357,rap_names,S9H
358,rap_names,Sboe
359,rap_names,Shid
360,rap_names,Stakim
361,rap_names,SaYoung Bry G
362,rap_names,Syt
363,rap_names,Sbba
364,rap_names,Sjonn
365,rap_names,SPot MOAXXXT
366,rap_names,SPannis
367,rap_names,S
368,rap_names,Sfebl Coe
369,rap_names,S[Ourn Truth
370,rap_names,SLakole
371,rap_names,SZatillie Alla d
372,rap_names,Tri Kim
373,rap_names,Tty Boogie Got
374,rap_names,Tre
375,rap_names,TG
376,rap_names,TGuti Velloyde
377,rap_names,TOHR
378,rap_names,TD
379,rap_names,Twil
380,rap_names,Telh
381,rap_names,TEal
382,rap_names,TI
383,rap_names,T
384,rap_names,Tz
385,rap_names,Tfack
386,rap_names,TJD2 Bop Fo[1]
387,rap_names,T 21 Savage
388,rap_names,Tá A.Ni-Yawol
389,rap_names,Tloop
390,rap_names,Tiva Shorty
391,rap_names,T
392,rap_names,Uga Pon
393,rap_names,UDKht
394,rap_names,Ugass
395,rap_names,Urc
396,rap_names,U-Ace
397,rap_names,Ussanajabo
398,rap_names,UA NiA-Treckah Camparon
399,rap_names,UA Carsoni Blasse
400,rap_names,Ur
401,rap_names,UpNappy
402,rap_names,Us
403,rap_names,UKavid Siort
404,rap_names,Up
405,rap_names,U.
406,rap_names,U3 Kams
407,rap_names,UK.E.
408,rap_names,Ugie the Daddy
409,rap_names,U Msth
410,rap_names,U Kny
411,rap_names,UTara Ice
412,rap_names,Vito Kingell
413,rap_names,VLRoc
414,rap_names,VPalCh Temin
415,rap_names,Va[1]
416,rap_names,V7
417,rap_names,Veo Bre
418,rap_names,Ven Mall
419,rap_names,VE
420,rap_names,Vé
421,rap_names,VXw
422,rap_names,V287
423,rap_names,Van
424,rap_names,V
425,rap_names,Va
426,rap_names,Vging
427,rap_names,Vidace Mills
428,rap_names,Viole
429,rap_names,Via
430,rap_names,V
431,rap_names,V Flav
432,rap_names,We
433,rap_names,Wass Gens
434,rap_names,W4XXTYNEXTIFurricawaaé
435,rap_names,W400
436,rap_names,Waqus
437,rap_names,W7DKO.Boy Never Broke Dillia Sparks
438,rap_names,Wi
439,rap_names,Wabadeff
440,rap_names,Was
441,rap_names,Wy
442,rap_names,W11000
443,rap_names,Wazz
444,rap_names,WE
445,rap_names,Wanilla Signdo
446,rap_names,Wine
447,rap_names,WJado
448,rap_names,Warba
449,rap_names,Wy
450,rap_names,WJaize
451,rap_names,Waster Camppe
452,rap_names,XL
453,rap_names,XQam Bone
454,rap_names,XB
455,rap_names,Xá Sers
456,rap_names,XXXXThist
457,rap_names,X00
458,rap_names,Xh
459,rap_names,X[ Gelly Tellugyt
460,rap_names,X2 B
461,rap_names,Xo Hingry Kinnia
462,rap_names,XLa
463,rap_names,Xw
464,rap_names,Xl Yant
465,rap_names,Xsc
466,rap_names,X.E
467,rap_names,X
468,rap_names,Xycke
469,rap_names,XVastard
470,rap_names,Xxh Trunkmide
471,rap_names,XRocubie
472,rap_names,Yo
473,rap_names,Yffe the Troutmany Woods
474,rap_names,YPhte
475,rap_names,YD-E-Ro
476,rap_names,YNoFras G
477,rap_names,Yamil Brand PBN Mock
478,rap_names,YRP
479,rap_names,Yisha Rock Jones
480,rap_names,Yulahe
481,rap_names,YB
482,rap_names,YB
483,rap_names,Yyala
484,rap_names,Yam
485,rap_names,Yeajiss
486,rap_names,Y!
487,rap_names,Yhie Asilp
488,rap_names,Yug Dapg
489,rap_names,Yu
490,rap_names,YA
491,rap_names,YMO
492,rap_names,ZOnine
493,rap_names,Zost
494,rap_names,Zd
495,rap_names,Ze
496,rap_names,ZPav
497,rap_names,Zore
498,rap_names,ZDia
499,rap_names,Zoon
500,rap_names,Zerll Canneminie
501,rap_names,Zerlam
502,rap_names,Zlaatarital
503,rap_names,Za
504,rap_names,ZE.
505,rap_names,Zai
506,rap_names,ZA$h
507,rap_names,ZJormane
508,rap_names,ZIllussified
509,rap_names,Zo
510,rap_names,ZEllaby
511,rap_names,ZGf
